employee_id,name,department_id,age,gender,tenure,satisfaction_rating,performance_score,salary,left_company,last_performance_review_date
1,a1,101,26,F,3.2,1.6,1.4,98540,0,2023-10-14
2,a2,101,26,M,3.0,3.0,1.1,63031,1,2023-04-15
3,a3,103,25,M,7.3,2.4,1.6,72059,0,2023-02-13
4,a4,101,47,F,6.4,4.2,3.9,85142,0,2023-07-03
5,a5,103,48,M,7.3,1.2,1.9,68965,0,2023-04-28
6,a6,101,49,F,5.1,4.3,1.7,73283,0,2023-11-09
7,a7,101,35,M,2.5,2.5,5.0,91943,0,2023-11-11
8,a8,101,39,M,8.2,2.6,1.3,87170,1,2023-04-21
9,a9,104,50,F,2.3,1.6,4.0,85322,1,2023-12-19
10,a10,104,50,F,3.0,5.0,3.0,55957,0,2023-02-05
11,a11,102,52,M,4.5,3.4,2.9,66476,0,2023-11-24
12,a12,101,59,F,7.9,2.4,2.2,60365,1,2023-01-24
13,a13,103,57,M,5.6,1.4,3.5,91874,0,2023-03-12
14,a14,102,59,M,6.4,3.0,1.4,73788,1,2023-04-02
15,a15,102,30,M,7.6,4.3,4.9,84911,0,2023-03-22
16,a16,104,60,M,3.4,4.5,2.7,63880,0,2023-12-10
17,a17,104,48,F,9.1,2.8,2.0,54196,1,2023-01-19
18,a18,102,39,M,1.6,3.5,1.9,52058,1,2023-02-17
19,a19,102,42,F,2.9,1.5,4.7,87423,1,2023-04-26
20,a20,104,51,M,1.8,3.6,2.4,76941,1,2023-12-02
21,a21,101,28,F,7.6,4.2,1.4,62556,0,2023-09-15
22,a22,102,52,M,3.5,2.0,4.7,79041,0,2023-01-21
23,a23,101,30,M,2.5,2.9,1.9,76282,0,2023-03-13
24,a24,101,49,F,9.3,4.1,2.1,95651,1,2023-03-07
25,a25,103,38,M,6.2,3.2,4.0,53746,0,2023-10-16
26,a26,102,28,M,8.7,1.3,1.3,65414,1,2023-02-19
27,a27,102,27,M,4.8,3.3,3.1,67089,0,2023-11-23
28,a28,103,40,F,4.6,3.7,2.2,70720,0,2023-01-15
29,a29,101,29,M,5.6,1.5,2.4,54508,0,2023-06-10
30,a30,102,53,F,6.5,4.9,3.6,50512,1,2023-11-04
31,a31,102,41,M,9.0,4.0,1.6,68465,0,2023-12-11
32,a32,102,41,F,3.3,4.6,1.2,91568,1,2023-05-02
33,a33,101,46,M,6.7,2.0,4.0,86154,1,2023-09-01
34,a34,101,29,M,5.9,4.3,3.3,59705,1,2023-03-02
35,a35,103,48,M,9.1,1.8,2.0,56736,1,2023-09-28
36,a36,104,34,M,8.8,4.9,4.2,77020,0,2023-03-24
37,a37,103,51,M,3.4,4.1,1.4,52537,1,2023-04-07
38,a38,104,47,F,8.4,4.5,1.9,93255,0,2023-07-11
39,a39,103,29,F,4.2,3.0,3.7,85141,1,2023-01-04
40,a40,103,36,F,1.3,3.4,2.4,70557,1,2023-10-17
41,a41,101,49,M,3.3,3.8,1.0,85287,0,2023-06-14
42,a42,101,46,F,7.0,1.5,4.6,83234,1,2023-11-14
43,a43,103,50,F,6.0,1.8,3.7,74847,0,2023-10-19
44,a44,103,50,M,3.7,1.8,4.1,89758,1,2023-08-15
45,a45,104,38,F,8.1,4.8,3.9,93178,0,2023-05-17
46,a46,103,30,M,7.1,1.9,1.8,51600,0,2023-04-16
47,a47,101,54,F,9.0,3.3,3.9,75164,1,2023-07-08
48,a48,102,25,M,8.0,1.9,4.2,95607,1,2023-01-18
49,a49,102,32,F,2.2,2.9,3.1,86629,1,2023-08-20
50,a50,104,60,F,9.1,4.0,2.9,66986,0,2023-11-09
51,a51,104,40,F,5.0,3.9,1.9,72010,1,2023-09-03
52,a52,102,34,M,4.4,1.6,1.9,77188,1,2023-06-18
53,a53,104,51,M,2.9,2.7,4.6,88278,0,2023-10-13
54,a54,104,25,F,3.7,2.6,4.6,77460,0,2023-08-08
55,a55,103,52,F,1.3,2.3,3.7,76497,0,2023-08-05
56,a56,101,50,M,1.8,2.7,4.5,61909,0,2023-05-13
57,a57,103,38,F,3.9,4.0,2.5,99283,1,2023-05-27
58,a58,101,55,M,7.7,1.2,4.8,64694,0,2023-11-02
59,a59,101,40,M,8.6,3.5,2.0,81035,0,2023-10-07
60,a60,104,41,F,2.5,3.4,4.0,57506,0,2023-05-04
61,a61,101,44,F,4.6,3.9,1.3,95260,0,2023-02-23
62,a62,103,32,M,4.1,2.7,2.5,83158,1,2023-01-28
63,a63,104,56,M,4.9,2.4,4.6,80129,0,2023-07-06
64,a64,103,59,F,5.2,4.3,3.4,71122,0,2023-02-09
65,a65,104,40,F,6.1,3.7,2.3,82394,1,2023-03-16
66,a66,102,47,F,4.1,4.5,3.8,68105,0,2023-09-07
67,a67,101,40,F,5.4,4.0,3.8,92329,1,2023-08-26
68,a68,101,30,F,3.0,3.8,2.2,88112,1,2023-08-18
69,a69,103,52,F,4.2,2.8,2.2,65108,0,2023-12-07
70,a70,103,32,M,2.7,4.0,2.1,88639,1,2023-02-27
71,a71,102,43,M,4.2,2.2,3.8,58295,1,2023-01-02
72,a72,103,33,F,1.9,1.0,2.1,81373,1,2023-06-06
73,a73,101,41,F,2.0,1.3,3.0,87815,0,2023-03-05
74,a74,103,30,M,2.1,4.1,3.4,90528,0,2023-09-13
75,a75,104,53,F,8.7,5.0,2.2,90699,0,2023-10-24
76,a76,101,38,M,3.4,1.3,2.0,86175,0,2023-03-01
77,a77,104,53,F,3.6,1.9,3.8,96070,1,2023-02-22
78,a78,102,41,M,4.8,3.2,3.6,67408,0,2023-02-02
79,a79,102,44,F,5.0,2.9,2.2,76378,1,2023-09-18
80,a80,104,53,M,6.4,4.6,3.9,89564,1,2023-01-03
81,a81,102,26,F,6.2,4.1,1.7,84010,1,2023-05-06
82,a82,104,56,M,5.2,2.6,2.3,56855,0,2023-06-14
83,a83,104,43,F,8.3,3.2,2.8,70612,1,2023-06-04
84,a84,104,57,M,6.9,3.2,2.7,62293,1,2023-10-25
85,a85,104,53,M,2.8,3.2,4.7,78712,1,2023-02-01
86,a86,102,35,F,6.0,3.2,1.4,57435,1,2023-02-21
87,a87,102,56,F,5.6,2.1,4.3,80947,0,2023-08-18
88,a88,102,49,M,9.3,3.0,4.5,54575,1,2023-07-11
89,a89,103,25,F,7.5,4.3,3.3,93249,1,2023-03-15
90,a90,104,47,F,6.0,3.2,2.8,71088,0,2023-12-08
91,a91,104,39,F,1.4,4.0,3.8,74984,1,2023-11-26
92,a92,102,56,M,2.1,4.9,2.3,56577,1,2023-02-17
93,a93,104,25,M,4.7,3.6,1.6,80768,1,2023-06-20
94,a94,104,30,F,8.7,4.4,2.5,70752,1,2023-09-02
95,a95,101,40,F,10.0,4.0,2.7,56451,0,2023-08-06
96,a96,103,26,M,3.9,1.2,2.4,78225,0,2023-04-17
97,a97,104,36,M,2.6,3.4,2.5,94769,0,2023-08-19
98,a98,102,39,F,6.7,2.8,3.7,80490,1,2023-11-18
99,a99,102,29,F,9.5,5.0,2.2,77807,1,2023-08-28
100,a100,103,37,F,8.7,1.4,2.5,73524,1,2023-12-10
101,a101,101,50,F,1.1,4.5,4.1,53214,1,2023-05-25
102,a102,102,47,M,6.7,3.5,3.7,97246,0,2023-11-04
103,a103,101,44,F,1.3,2.5,1.5,69340,1,2023-12-14
104,a104,102,37,M,8.1,4.5,2.5,82885,1,2023-03-09
105,a105,104,43,F,8.2,2.9,1.3,99424,0,2023-11-24
106,a106,104,60,F,1.8,2.6,2.1,58099,1,2023-06-22
107,a107,103,49,F,2.0,1.9,1.1,86792,1,2023-10-08
108,a108,101,54,F,6.8,1.5,1.2,52438,1,2023-08-04
109,a109,101,40,M,4.5,2.5,4.8,95644,1,2023-10-24
110,a110,102,51,M,8.5,3.5,4.8,68333,0,2023-12-12
111,a111,102,53,F,9.6,4.4,1.4,94936,1,2023-09-21
112,a112,103,28,F,3.5,4.9,4.8,79800,0,2023-11-07
113,a113,101,28,F,3.2,1.5,3.3,54496,0,2023-10-07
114,a114,102,46,M,8.1,3.4,2.1,59482,0,2023-09-09
115,a115,102,32,M,2.2,2.4,4.2,88591,1,2023-01-06
116,a116,103,28,M,7.7,3.1,4.0,81211,1,2023-06-17
117,a117,101,53,M,9.5,1.2,4.1,93181,1,2023-08-21
118,a118,101,28,F,8.6,2.7,1.4,96687,1,2023-02-03
119,a119,103,34,M,2.1,3.5,3.3,96671,1,2023-07-20
120,a120,103,54,F,1.9,3.8,4.4,92658,0,2023-07-15
121,a121,102,51,F,8.4,2.6,3.9,70483,1,2023-06-22
122,a122,103,48,M,7.2,2.9,1.4,55594,0,2023-07-04
123,a123,103,33,M,6.3,3.2,2.3,58010,1,2023-06-28
124,a124,104,28,F,6.4,2.4,3.3,63942,0,2023-11-16
125,a125,102,31,F,8.6,2.5,4.1,87624,0,2023-07-28
126,a126,101,42,M,2.6,3.8,2.2,72270,1,2023-01-06
127,a127,102,50,M,2.3,3.5,1.1,98897,0,2023-07-14
128,a128,104,46,M,4.3,3.9,4.1,87197,0,2023-01-05
129,a129,102,28,M,3.4,3.6,2.9,78969,1,2023-05-07
130,a130,101,47,F,2.0,3.7,3.4,84533,1,2023-01-08
131,a131,104,28,M,2.8,4.8,4.1,66745,1,2023-06-04
132,a132,101,56,F,2.6,2.5,3.8,82785,1,2023-02-13
133,a133,101,52,M,5.1,1.3,2.3,78133,1,2023-12-21
134,a134,104,43,M,4.6,4.9,1.7,90509,1,2023-12-12
135,a135,101,52,M,3.2,3.4,3.1,75936,1,2023-12-11
136,a136,102,46,M,1.7,3.5,3.1,62707,1,2023-06-24
137,a137,102,40,M,2.3,1.8,3.4,99821,0,2023-03-25
138,a138,104,54,F,7.1,4.5,3.6,90928,1,2023-11-11
139,a139,102,53,M,5.2,3.5,4.2,88759,0,2023-06-17
140,a140,101,44,F,5.1,1.2,4.3,55028,0,2023-10-20
141,a141,104,54,M,5.0,4.2,3.6,71071,1,2023-09-05
142,a142,101,53,M,8.3,4.3,4.9,55526,0,2023-01-08
143,a143,104,53,M,4.3,4.7,2.5,72175,0,2023-11-21
144,a144,103,29,F,1.9,3.7,2.1,97430,0,2023-06-03
145,a145,102,47,F,9.7,3.8,2.6,88996,0,2023-05-18
146,a146,104,46,M,7.0,4.3,4.0,94919,0,2023-11-22
147,a147,104,57,F,1.2,2.2,4.8,72395,1,2023-04-08
148,a148,102,34,M,3.7,4.2,3.0,85374,0,2023-11-11
149,a149,102,49,M,2.5,4.3,4.1,60848,1,2023-01-14
150,a150,103,40,F,6.5,4.0,4.1,65335,0,2023-05-26
151,a151,104,37,F,7.1,3.3,2.8,68466,1,2023-09-17
152,a152,104,35,M,8.2,1.6,2.0,92020,1,2023-06-18
153,a153,101,58,M,3.6,4.1,2.1,83643,0,2023-07-03
154,a154,102,53,F,9.4,2.7,2.6,74507,0,2023-07-03
155,a155,103,39,M,3.9,1.4,3.9,71973,0,2023-03-02
156,a156,103,55,M,7.8,2.9,3.5,55192,0,2023-05-07
157,a157,102,60,F,2.0,2.2,2.2,53129,0,2023-07-21
158,a158,104,29,M,8.5,3.0,3.1,91415,0,2023-12-05
159,a159,103,52,M,6.5,2.0,2.7,93540,0,2023-09-12
160,a160,101,58,M,4.5,2.9,3.5,74464,1,2023-12-01
161,a161,103,29,F,3.2,3.6,1.4,88135,1,2023-03-02
162,a162,103,59,F,8.3,1.7,4.1,80449,1,2023-11-06
163,a163,102,29,F,1.3,1.8,4.2,52746,1,2023-05-17
164,a164,104,59,F,3.3,4.0,1.8,73394,0,2023-11-11
165,a165,103,32,F,4.9,2.6,2.8,75339,1,2023-03-16
166,a166,104,48,F,8.2,3.9,1.3,89482,0,2023-09-10
167,a167,103,31,M,4.0,2.2,2.8,97032,1,2023-03-23
168,a168,104,47,F,1.4,4.5,2.4,78504,1,2023-11-26
169,a169,101,29,F,4.3,4.2,3.7,52040,0,2023-10-22
170,a170,104,27,M,1.6,4.1,2.5,75090,0,2023-10-05
171,a171,104,48,F,5.0,1.3,1.6,74048,1,2023-06-21
172,a172,103,40,M,1.2,1.7,3.1,86809,0,2023-05-25
173,a173,103,53,M,10.0,2.1,4.7,82191,0,2023-02-05
174,a174,101,53,M,9.1,2.8,1.4,94690,1,2023-11-12
175,a175,101,60,F,9.0,4.4,3.8,95889,0,2023-06-17
176,a176,102,32,M,8.1,1.9,3.0,73651,1,2023-08-26
177,a177,102,30,M,3.8,5.0,3.9,84451,1,2023-07-27
178,a178,101,33,F,6.8,2.8,3.7,72578,0,2023-09-21
179,a179,102,33,F,5.5,4.5,4.3,83954,0,2023-05-06
180,a180,102,45,M,4.1,4.8,4.6,55168,1,2023-04-21
181,a181,103,33,F,6.5,1.4,3.6,88784,0,2023-03-22
182,a182,103,27,M,1.7,4.8,4.1,67344,0,2023-10-14
183,a183,101,56,F,6.8,2.2,2.0,94891,1,2023-05-15
184,a184,101,28,M,5.0,2.9,1.8,89758,0,2023-06-28
185,a185,103,47,F,2.2,2.5,3.2,70913,0,2023-08-04
186,a186,103,53,M,2.3,1.2,4.8,90329,1,2023-04-28
187,a187,102,45,F,2.7,1.6,5.0,80593,1,2023-05-16
188,a188,101,30,F,5.5,4.9,1.9,73127,0,2023-01-10
189,a189,104,55,F,5.8,4.4,2.7,67332,1,2023-07-12
190,a190,101,50,M,6.1,1.8,3.2,54818,1,2023-09-15
191,a191,103,32,M,9.8,2.6,4.2,72222,1,2023-03-07
192,a192,104,57,M,1.4,1.5,2.3,81047,1,2023-03-20
193,a193,102,45,F,2.5,5.0,4.0,69610,1,2023-09-27
194,a194,104,44,F,8.3,2.5,3.7,77298,1,2023-12-28
195,a195,101,55,F,9.7,4.1,4.1,87855,0,2023-12-02
196,a196,104,35,F,2.3,3.7,1.1,95909,0,2023-04-01
197,a197,104,45,F,2.4,3.8,2.6,90073,1,2023-12-24
198,a198,101,33,M,6.0,5.0,2.9,74695,1,2023-03-15
199,a199,103,59,F,7.1,4.5,3.7,95436,1,2023-10-16
200,a200,102,40,F,6.0,1.9,4.9,69504,1,2023-12-07
201,a201,104,45,F,4.1,4.7,4.2,67921,1,2023-02-19
202,a202,104,50,F,9.6,4.2,2.2,68850,0,2023-06-15
203,a203,103,55,M,2.8,3.2,4.7,95624,1,2023-03-04
204,a204,102,40,M,7.0,3.1,3.6,53440,0,2023-07-11
205,a205,104,31,M,1.0,3.2,4.7,76667,1,2023-08-21
206,a206,102,43,F,3.6,1.2,4.1,92749,0,2023-09-24
207,a207,101,36,F,8.9,1.7,4.7,76017,1,2023-03-24
208,a208,103,27,M,3.7,3.4,4.7,71957,1,2023-08-21
209,a209,104,33,F,3.5,4.2,2.3,97914,1,2023-11-09
210,a210,102,25,F,8.1,3.3,4.0,61501,1,2023-07-17
211,a211,103,30,F,7.0,1.7,1.6,71207,0,2023-01-09
212,a212,104,40,F,7.8,4.8,2.2,97374,0,2023-05-21
213,a213,103,40,M,7.0,2.9,1.6,94962,1,2023-12-04
214,a214,103,48,M,3.0,1.5,1.6,99003,1,2023-07-23
215,a215,104,59,M,7.9,3.7,3.4,55365,1,2023-09-23
216,a216,103,29,M,1.6,3.2,3.0,87532,0,2023-03-11
217,a217,104,32,M,7.5,3.0,4.6,79195,0,2023-08-05
218,a218,104,54,M,6.0,3.7,2.2,51426,1,2023-05-27
219,a219,101,38,M,1.4,2.4,1.3,53948,0,2023-08-02
220,a220,103,51,M,7.9,4.1,4.9,92328,1,2023-06-13
221,a221,104,49,F,1.7,4.9,4.5,58715,1,2023-02-06
222,a222,104,58,M,7.6,1.9,1.0,51489,1,2023-08-22
223,a223,104,59,F,8.4,2.0,2.4,68064,0,2023-12-25
224,a224,101,27,F,6.5,4.7,4.6,65772,0,2023-02-04
225,a225,101,53,M,3.2,1.2,2.8,85373,0,2023-01-05
226,a226,103,39,F,6.2,4.1,4.3,65525,1,2023-03-22
227,a227,102,51,F,3.5,3.2,3.4,98182,0,2023-11-22
228,a228,104,60,F,1.4,2.4,3.6,74979,1,2023-12-14
229,a229,104,34,F,4.4,4.0,2.9,64768,1,2023-12-05
230,a230,104,28,F,9.7,3.2,1.5,65915,1,2023-04-11
231,a231,101,53,F,1.8,3.9,1.8,67593,1,2023-11-20
232,a232,101,29,M,8.2,3.4,3.7,64222,1,2023-04-28
233,a233,103,44,M,2.9,1.8,4.0,98947,1,2023-04-23
234,a234,102,50,M,6.0,4.1,2.5,84973,1,2023-05-09
235,a235,103,57,F,5.2,4.2,3.9,99914,1,2023-04-12
236,a236,103,51,M,6.1,1.9,1.6,67090,1,2023-05-05
237,a237,102,46,M,4.4,4.3,3.0,92900,1,2023-05-25
238,a238,104,56,F,2.5,4.2,1.7,97206,1,2023-03-18
239,a239,101,58,M,8.6,1.3,4.3,53179,0,2023-07-05
240,a240,102,29,M,1.1,3.0,2.5,90490,1,2023-11-16
241,a241,101,25,F,1.1,3.1,2.1,68788,0,2023-09-27
242,a242,104,36,M,9.3,3.1,2.0,90617,1,2023-06-09
243,a243,104,30,F,9.6,2.8,2.0,95694,0,2023-05-22
244,a244,101,27,M,4.6,2.5,2.9,91729,0,2023-12-06
245,a245,101,56,F,6.8,2.3,4.9,56249,0,2023-04-07
246,a246,104,42,M,9.3,3.7,2.1,85588,0,2023-03-28
247,a247,103,26,M,6.3,4.0,3.9,76102,0,2023-05-06
248,a248,102,49,F,4.5,4.0,4.2,95174,0,2023-09-24
249,a249,103,28,M,4.9,4.4,2.4,90230,1,2023-06-01
250,a250,103,53,F,3.1,3.2,2.5,62172,1,2023-02-25
251,a251,103,40,M,1.7,1.6,3.8,91543,0,2023-12-13
252,a252,103,48,M,1.8,4.8,2.8,99895,1,2023-02-05
253,a253,101,36,F,5.0,3.2,2.6,51721,0,2023-06-18
254,a254,101,45,F,1.1,2.7,4.1,97503,0,2023-10-17
255,a255,102,49,M,2.2,2.2,3.0,54146,0,2023-07-09
256,a256,104,44,F,8.0,2.4,4.8,97244,1,2023-10-20
257,a257,102,54,M,2.2,1.0,2.6,90644,1,2023-06-15
258,a258,103,52,M,3.7,3.4,3.8,81392,1,2023-03-13
259,a259,103,43,F,9.7,4.1,2.3,68369,1,2023-06-04
260,a260,102,59,M,7.1,3.2,4.8,80252,0,2023-08-26
261,a261,103,29,F,7.1,1.6,2.2,66559,0,2023-12-14
262,a262,104,29,F,9.9,2.9,2.6,83201,1,2023-09-02
263,a263,103,59,M,2.0,2.0,3.7,60901,0,2023-10-21
264,a264,104,46,F,2.0,1.4,1.9,98945,0,2023-08-12
265,a265,104,54,M,4.1,1.1,1.4,77261,0,2023-02-27
266,a266,102,47,F,4.1,4.1,3.1,72826,1,2023-02-15
267,a267,104,45,M,3.7,4.2,1.5,72483,0,2023-11-26
268,a268,102,40,M,6.0,2.3,2.7,80281,0,2023-07-21
269,a269,102,36,F,4.6,3.9,4.5,79463,1,2023-07-01
270,a270,102,38,F,7.8,4.2,1.3,56668,0,2023-06-11
271,a271,102,54,M,3.4,4.5,3.1,91884,1,2023-10-13
272,a272,104,32,F,4.2,2.8,1.7,94144,1,2023-10-19
273,a273,101,33,F,2.1,2.2,1.7,95445,0,2023-09-13
274,a274,104,33,F,4.8,2.9,3.1,92287,0,2023-09-06
275,a275,104,43,M,2.7,4.4,3.5,73529,0,2023-08-05
276,a276,102,49,F,4.7,3.0,3.8,79088,1,2023-03-03
277,a277,101,39,F,1.3,1.9,2.2,79971,1,2023-09-17
278,a278,101,32,F,8.0,4.3,2.5,99596,0,2023-12-15
279,a279,102,52,M,7.6,3.6,2.0,52112,1,2023-05-12
280,a280,101,53,M,8.0,1.9,4.2,88530,1,2023-12-20
281,a281,104,35,M,8.1,4.3,4.2,87360,1,2023-09-09
282,a282,102,45,F,3.6,2.1,4.4,94518,0,2023-03-25
283,a283,104,28,F,8.8,1.5,4.5,66362,0,2023-12-11
284,a284,102,50,F,2.3,3.5,3.5,74587,1,2023-02-21
285,a285,101,50,F,7.3,4.5,2.8,81984,1,2023-10-01
286,a286,101,54,F,8.7,4.2,2.6,78157,0,2023-08-09
287,a287,103,43,F,5.9,1.5,4.4,72527,0,2023-01-04
288,a288,104,26,M,9.4,1.6,2.8,78036,0,2023-12-05
289,a289,103,35,F,1.8,2.4,1.3,93549,0,2023-01-13
290,a290,103,39,F,6.9,3.8,1.0,81248,0,2023-03-19
291,a291,102,58,F,1.1,3.8,4.3,77676,0,2023-08-03
292,a292,102,49,M,7.6,1.4,2.3,69611,0,2023-07-25
293,a293,102,34,M,5.8,1.0,3.6,78842,1,2023-12-07
294,a294,102,51,F,8.7,1.3,1.4,99312,0,2023-10-24
295,a295,104,47,F,3.8,1.6,2.1,55521,0,2023-09-20
296,a296,103,26,F,2.8,3.4,1.8,75673,1,2023-11-02
297,a297,102,56,F,2.0,3.0,3.4,84621,0,2023-06-11
298,a298,102,49,F,4.3,3.7,4.1,54783,0,2023-10-03
299,a299,101,41,M,1.4,1.2,4.2,83201,1,2023-11-23
300,a300,104,52,F,1.7,3.1,3.5,68184,0,2023-05-03
301,a301,102,34,F,4.5,3.5,4.3,94633,0,2023-05-23
302,a302,104,40,M,3.2,4.7,1.5,90127,0,2023-05-22
303,a303,102,32,M,7.4,3.8,1.7,72721,1,2023-03-12
304,a304,102,42,M,7.9,1.1,4.2,67824,0,2023-05-23
305,a305,101,56,F,5.6,1.2,4.4,60936,1,2023-03-09
306,a306,101,32,M,7.7,1.0,4.4,50805,0,2023-01-16
307,a307,103,49,M,2.6,4.8,1.1,96794,1,2023-04-11
308,a308,102,51,F,3.4,1.3,2.5,82901,0,2023-03-08
309,a309,101,50,M,8.9,4.5,4.1,70361,1,2023-02-18
310,a310,104,25,F,2.8,3.3,2.2,90810,0,2023-08-12
311,a311,104,37,M,2.4,4.7,1.1,85490,1,2023-11-27
312,a312,101,46,M,7.8,2.5,4.0,70153,0,2023-04-17
313,a313,102,51,F,9.7,4.9,1.6,68338,0,2023-01-08
314,a314,104,48,F,9.8,1.3,1.4,58749,1,2023-02-19
315,a315,101,52,M,3.1,2.0,2.3,75752,1,2023-06-15
316,a316,103,39,M,9.5,1.5,4.1,57141,0,2023-02-06
317,a317,104,54,F,4.7,3.1,4.9,63607,1,2023-05-15
318,a318,103,32,M,2.4,3.7,4.3,95670,0,2023-04-27
319,a319,103,34,M,7.4,4.9,2.6,53208,1,2023-05-27
320,a320,102,26,F,8.7,3.2,3.2,56207,1,2023-02-26
321,a321,102,32,M,1.6,4.1,1.9,62984,1,2023-06-22
322,a322,101,41,M,1.2,1.3,4.6,79060,0,2023-02-28
323,a323,103,32,M,9.5,1.2,4.7,78387,1,2023-08-01
324,a324,104,52,M,4.2,4.6,2.1,79229,0,2023-01-20
325,a325,102,43,F,4.7,3.2,1.2,68335,1,2023-03-14
326,a326,102,58,M,6.7,4.2,4.2,75067,1,2023-08-18
327,a327,104,47,F,4.5,1.7,2.3,64353,0,2023-05-02
328,a328,104,58,F,7.9,5.0,4.9,56562,0,2023-11-08
329,a329,103,59,M,7.9,4.8,3.3,75455,1,2023-03-06
330,a330,102,45,F,9.2,1.1,3.8,87201,0,2023-10-07
331,a331,104,59,F,2.6,1.2,1.2,89430,0,2023-01-17
332,a332,104,25,F,9.3,1.8,1.5,96985,0,2023-06-02
333,a333,101,34,M,8.0,4.4,4.4,54753,1,2023-12-22
334,a334,104,31,F,3.7,1.5,1.6,78630,1,2023-11-11
335,a335,102,60,F,3.0,3.4,1.7,70107,1,2023-03-06
336,a336,101,50,M,2.6,2.3,4.2,90067,0,2023-11-19
337,a337,101,56,M,4.0,1.3,2.4,70939,0,2023-11-03
338,a338,103,53,M,3.4,2.0,1.3,66820,0,2023-12-01
339,a339,101,49,F,7.6,4.9,4.5,82314,1,2023-06-18
340,a340,104,31,F,8.1,3.3,4.0,64783,0,2023-08-03
341,a341,101,43,M,3.9,4.8,1.3,61148,1,2023-03-24
342,a342,101,60,M,4.0,4.9,4.6,96170,0,2023-07-21
343,a343,102,52,M,1.5,2.3,4.9,76822,1,2023-11-10
344,a344,103,40,M,1.4,3.3,4.4,60065,0,2023-06-01
345,a345,104,30,F,8.4,3.5,2.9,56356,0,2023-04-06
346,a346,103,30,F,8.6,2.2,2.6,82053,1,2023-02-21
347,a347,104,36,F,9.0,2.5,2.8,67255,1,2023-08-09
348,a348,102,42,M,2.4,3.8,1.4,93787,1,2023-09-14
349,a349,102,60,M,8.6,4.3,2.7,85095,1,2023-10-08
350,a350,104,44,M,4.6,4.4,1.1,87435,0,2023-02-25
351,a351,104,36,M,9.7,4.2,1.5,77746,0,2023-11-14
352,a352,102,34,F,3.9,3.9,4.2,55703,1,2023-09-13
353,a353,103,42,F,9.3,1.0,3.8,88507,1,2023-02-14
354,a354,102,34,M,9.3,3.3,1.4,68749,1,2023-07-09
355,a355,104,56,F,1.3,2.1,1.6,89888,1,2023-01-13
356,a356,103,40,M,7.7,4.7,4.6,51325,1,2023-05-10
357,a357,103,56,M,9.8,1.9,2.2,98740,1,2023-06-09
358,a358,104,30,M,5.0,4.7,2.6,81749,1,2023-01-17
359,a359,102,29,F,7.4,2.6,4.1,84359,0,2023-03-07
360,a360,102,28,M,1.3,1.2,2.4,63048,1,2023-06-27
361,a361,104,57,F,6.7,1.5,1.1,74409,1,2023-10-15
362,a362,102,55,F,4.1,4.4,2.0,95144,0,2023-05-01
363,a363,104,28,M,8.7,4.1,1.9,64506,0,2023-11-07
364,a364,103,51,M,8.8,4.9,3.7,81070,0,2023-11-06
365,a365,101,39,F,6.5,4.8,3.9,96489,1,2023-07-13
366,a366,103,54,F,3.0,2.2,3.1,90868,1,2023-10-04
367,a367,101,57,F,6.1,3.4,2.1,94853,0,2023-08-03
368,a368,103,42,F,8.8,2.0,3.8,92694,1,2023-04-05
369,a369,102,28,F,6.9,3.7,3.9,92952,1,2023-05-09
370,a370,104,50,F,7.6,3.3,5.0,62446,1,2023-12-23
371,a371,102,59,F,9.2,3.7,3.0,61140,0,2023-05-04
372,a372,104,33,F,7.5,3.2,4.7,94545,1,2023-11-03
373,a373,102,47,M,7.7,2.2,4.2,71713,1,2023-05-19
374,a374,103,54,M,5.2,4.5,3.3,90675,0,2023-08-07
375,a375,101,49,F,4.7,4.5,1.6,63126,1,2023-07-19
376,a376,104,34,F,8.8,1.7,1.3,71799,0,2023-06-21
377,a377,101,25,F,3.5,4.0,1.7,60383,1,2023-02-05
378,a378,104,52,F,4.9,2.9,1.0,84981,0,2023-12-12
379,a379,101,45,M,1.2,1.0,3.9,64828,1,2023-05-05
380,a380,101,49,F,2.5,4.3,2.2,69059,1,2023-12-17
381,a381,103,52,M,4.1,4.6,2.4,62348,0,2023-07-01
382,a382,102,39,M,2.9,1.1,3.0,58071,1,2023-12-21
383,a383,101,49,F,7.9,3.5,3.4,53143,0,2023-11-27
384,a384,101,28,M,4.8,2.5,3.2,81090,0,2023-04-23
385,a385,101,44,F,7.0,3.6,2.1,89690,0,2023-07-27
386,a386,101,57,M,3.5,4.1,3.0,89911,0,2023-05-27
387,a387,102,47,F,3.7,1.2,3.0,63611,1,2023-06-08
388,a388,101,25,M,9.2,4.3,3.7,59774,0,2023-09-03
389,a389,101,41,M,5.1,4.9,2.1,53282,0,2023-03-28
390,a390,101,43,F,8.2,2.3,4.0,56225,0,2023-01-28
391,a391,102,35,F,4.2,2.8,3.5,98042,0,2023-06-27
392,a392,103,36,M,4.6,4.8,2.1,75278,1,2023-07-21
393,a393,102,32,M,7.3,1.2,4.8,60446,0,2023-07-19
394,a394,104,53,M,6.5,4.1,3.4,94857,0,2023-08-16
395,a395,101,51,F,1.4,2.0,2.3,96174,0,2023-11-28
396,a396,103,58,M,4.9,3.9,2.9,93496,1,2023-03-27
397,a397,101,25,M,5.6,2.9,3.0,60839,0,2023-08-11
398,a398,102,46,F,1.5,1.9,3.6,76429,0,2023-02-15
399,a399,104,53,M,8.7,2.8,1.5,82595,0,2023-02-13
400,a400,104,27,M,8.4,4.2,4.9,91781,1,2023-09-18
401,a401,102,54,F,4.3,1.2,1.9,79783,1,2023-09-25
402,a402,104,48,F,2.0,4.0,1.9,72371,1,2023-11-26
403,a403,103,60,F,7.3,1.2,1.7,59204,1,2023-02-09
404,a404,102,37,M,9.4,2.6,2.8,62489,1,2023-02-25
405,a405,104,27,M,7.9,2.8,3.6,83043,0,2023-08-01
406,a406,101,60,F,8.5,2.9,3.0,61613,0,2023-12-27
407,a407,102,31,F,6.9,3.4,2.3,75209,1,2023-10-23
408,a408,102,42,F,9.7,4.9,2.8,58740,0,2023-07-20
409,a409,103,60,F,7.4,4.7,3.5,63165,0,2023-10-23
410,a410,103,47,M,9.8,3.6,4.8,83023,1,2023-12-04
411,a411,103,60,F,6.2,4.8,3.8,94187,1,2023-07-26
412,a412,101,58,M,1.2,1.6,3.7,63100,1,2023-03-10
413,a413,103,34,M,7.2,2.2,4.0,52117,1,2023-08-04
414,a414,102,60,F,3.1,4.1,4.2,68850,0,2023-07-13
415,a415,104,45,M,1.1,2.0,3.5,79036,0,2023-11-23
416,a416,103,59,M,8.0,4.9,2.2,61627,0,2023-03-06
417,a417,101,49,M,4.9,3.2,1.5,88272,1,2023-01-11
418,a418,104,34,M,2.4,2.3,1.2,90984,1,2023-08-26
419,a419,103,29,F,5.7,4.8,3.1,83104,0,2023-07-18
420,a420,104,30,F,3.0,1.9,2.3,73645,1,2023-04-25
421,a421,104,60,M,2.0,2.4,2.0,92091,0,2023-01-22
422,a422,103,49,M,4.5,3.2,2.1,83873,1,2023-09-26
423,a423,104,56,M,3.7,3.6,2.3,55396,0,2023-03-25
424,a424,101,29,M,7.0,4.1,4.5,77800,0,2023-04-18
425,a425,104,29,M,1.2,3.9,1.2,54800,0,2023-03-26
426,a426,103,60,M,6.2,1.9,2.0,75430,1,2023-11-13
427,a427,104,45,M,4.5,1.5,1.0,97204,0,2023-12-19
428,a428,101,29,F,9.4,1.4,4.1,69749,0,2023-05-25
429,a429,104,49,F,8.4,1.1,1.6,64409,0,2023-12-13
430,a430,103,34,F,7.1,4.7,4.2,97797,1,2023-01-18
431,a431,102,32,M,1.0,3.4,3.1,55578,1,2023-04-24
432,a432,103,38,F,9.2,4.4,1.6,62058,0,2023-10-27
433,a433,103,37,M,2.6,4.2,4.4,99220,1,2023-11-18
434,a434,101,43,M,3.3,1.8,3.3,71682,1,2023-03-22
435,a435,102,31,F,6.6,4.6,2.3,79533,1,2023-10-22
436,a436,103,34,F,8.3,4.8,1.7,70526,0,2023-04-23
437,a437,104,42,F,2.2,3.9,4.5,80333,1,2023-06-25
438,a438,103,56,M,2.6,3.4,4.4,59175,0,2023-05-24
439,a439,101,29,M,8.6,3.5,4.3,87938,1,2023-10-07
440,a440,101,60,F,5.9,5.0,2.9,59740,1,2023-07-08
441,a441,103,33,F,5.5,1.4,2.5,50694,0,2023-10-22
442,a442,102,57,M,5.0,1.7,4.8,93215,0,2023-12-24
443,a443,104,47,M,3.0,3.0,1.3,74211,0,2023-01-22
444,a444,102,58,F,4.5,4.7,4.5,52615,1,2023-02-23
445,a445,103,41,M,4.4,2.5,3.4,55101,1,2023-07-08
446,a446,104,47,F,5.4,2.9,3.4,82888,0,2023-08-06
447,a447,102,29,F,2.9,1.7,2.4,97009,0,2023-11-08
448,a448,104,46,M,5.3,2.9,1.8,60567,1,2023-01-08
449,a449,101,33,M,2.2,3.1,4.6,59624,0,2023-03-09
450,a450,102,58,F,6.4,3.3,1.1,97156,1,2023-02-07
451,a451,104,55,F,2.5,4.3,3.4,88184,0,2023-10-22
452,a452,103,35,F,9.3,3.4,1.3,74786,1,2023-03-04
453,a453,101,37,F,8.4,3.4,1.7,90288,0,2023-09-17
454,a454,101,30,F,6.9,4.6,3.2,50078,1,2023-09-14
455,a455,103,27,F,3.1,4.2,4.2,74984,1,2023-10-26
456,a456,101,52,M,3.3,4.1,4.6,55493,1,2023-10-18
457,a457,104,41,M,1.0,4.0,1.0,84245,0,2023-09-01
458,a458,104,38,F,4.7,1.4,2.7,88362,1,2023-05-28
459,a459,104,48,F,9.9,2.6,1.8,86182,1,2023-03-12
460,a460,104,41,F,6.2,4.1,2.6,59048,0,2023-12-08
461,a461,104,35,M,2.9,2.6,2.4,86082,0,2023-03-13
462,a462,101,30,M,5.2,3.4,1.4,67241,0,2023-06-03
463,a463,101,49,F,6.5,3.1,3.8,89155,0,2023-03-21
464,a464,104,53,M,2.8,3.6,4.2,68743,0,2023-01-26
465,a465,102,35,M,4.2,3.6,4.9,55691,1,2023-07-12
466,a466,104,50,M,5.7,3.9,1.3,55909,1,2023-12-27
467,a467,103,47,F,3.0,4.9,2.8,76473,0,2023-05-06
468,a468,104,57,M,6.0,3.0,2.4,57668,1,2023-09-27
469,a469,103,53,F,6.1,4.1,4.0,80071,1,2023-10-28
470,a470,101,55,M,3.3,2.5,4.2,64442,0,2023-06-14
471,a471,103,58,M,7.3,2.1,2.1,76144,1,2023-02-18
472,a472,102,55,F,4.2,4.6,2.1,98900,0,2023-08-24
473,a473,102,40,M,8.9,1.8,1.8,66364,1,2023-03-25
474,a474,101,32,M,7.1,3.7,3.5,85486,0,2023-08-12
475,a475,103,56,F,5.4,4.9,4.7,68367,1,2023-04-25
476,a476,102,28,F,5.3,3.2,3.0,75802,0,2023-08-04
477,a477,104,45,M,1.1,1.8,3.3,71327,1,2023-10-28
478,a478,103,36,F,3.1,2.9,3.5,73981,0,2023-08-14
479,a479,102,51,F,4.3,2.6,2.8,87447,0,2023-10-22
480,a480,102,31,F,8.2,3.2,4.4,62849,0,2023-12-05
481,a481,104,25,M,4.8,1.5,4.6,91330,1,2023-08-10
482,a482,103,60,M,4.6,3.8,1.2,66665,1,2023-11-04
483,a483,104,46,F,4.2,3.2,4.7,66889,1,2023-01-14
484,a484,101,47,M,6.2,3.6,3.2,68652,1,2023-06-22
485,a485,104,53,M,4.4,2.1,3.5,59492,0,2023-11-26
486,a486,103,51,F,8.6,1.3,1.6,64956,1,2023-06-21
487,a487,103,42,F,3.4,2.8,4.5,73800,1,2023-07-06
488,a488,102,26,M,7.5,3.6,4.8,95920,0,2023-04-06
489,a489,104,31,M,1.6,4.5,3.2,51727,1,2023-09-25
490,a490,101,31,F,6.6,1.3,4.7,75548,1,2023-04-08
491,a491,103,53,M,2.2,4.4,1.1,93486,1,2023-06-28
492,a492,104,54,F,5.9,1.5,4.8,85342,0,2023-10-20
493,a493,104,52,F,9.2,2.9,1.9,55869,1,2023-05-12
494,a494,104,41,M,3.7,1.0,4.3,58932,1,2023-05-16
495,a495,101,56,F,3.7,4.1,4.2,89125,0,2023-01-18
496,a496,103,37,F,8.9,2.7,2.0,96854,1,2023-07-08
497,a497,103,30,F,6.6,3.1,4.2,90187,1,2023-05-21
498,a498,103,51,M,8.7,1.7,2.2,91739,1,2023-10-15
499,a499,103,56,M,3.9,1.6,4.9,51450,0,2023-02-10
500,a500,103,33,F,7.5,1.9,1.6,82347,0,2023-06-14
501,a501,103,56,F,5.2,4.2,2.3,99189,0,2023-01-09
502,a502,104,29,F,2.6,4.6,2.0,75007,0,2023-02-25
503,a503,102,49,F,3.2,5.0,1.8,98190,0,2023-09-22
504,a504,102,55,F,7.1,2.2,2.3,91232,0,2023-12-18
505,a505,101,41,F,6.7,1.8,4.6,93692,0,2023-02-08
506,a506,104,45,M,2.5,2.1,1.5,65931,0,2023-01-19
507,a507,104,34,F,7.9,2.0,3.0,94954,1,2023-11-02
508,a508,101,47,M,7.3,4.2,1.5,65248,1,2023-09-26
509,a509,103,53,M,1.2,2.5,3.9,66429,0,2023-08-23
510,a510,104,60,F,5.9,3.0,3.3,85626,1,2023-06-24
511,a511,104,42,M,1.6,1.6,2.2,67258,1,2023-08-01
512,a512,104,36,M,6.6,2.5,3.5,71017,0,2023-11-18
513,a513,104,37,F,7.9,1.6,2.1,76856,1,2023-02-04
514,a514,101,27,M,2.6,1.1,1.4,62557,0,2023-01-19
515,a515,104,56,F,1.4,1.9,3.9,50857,0,2023-11-16
516,a516,101,54,M,4.2,4.0,4.6,74187,0,2023-10-09
517,a517,101,29,F,1.7,1.9,3.1,56633,0,2023-09-13
518,a518,102,37,M,6.1,4.8,3.2,86578,1,2023-12-04
519,a519,103,54,F,8.9,1.7,1.7,76316,1,2023-11-06
520,a520,104,47,F,6.0,5.0,4.4,77023,1,2023-12-11
521,a521,102,59,M,4.4,3.2,4.0,73593,1,2023-08-13
522,a522,101,27,F,6.4,3.1,5.0,69781,0,2023-05-08
523,a523,102,45,M,7.9,4.8,4.3,86284,0,2023-02-02
524,a524,104,47,M,2.2,2.5,3.3,65269,1,2023-05-03
525,a525,104,38,M,7.5,4.2,1.7,95193,0,2023-10-21
526,a526,103,27,F,1.7,1.2,4.1,72801,1,2023-07-28
527,a527,101,39,M,6.7,3.5,1.2,84365,0,2023-06-18
528,a528,102,45,M,2.4,3.7,5.0,79203,0,2023-04-14
529,a529,103,50,M,2.2,1.3,3.3,53231,1,2023-05-03
530,a530,104,57,F,8.0,1.5,1.5,86654,0,2023-08-13
531,a531,102,60,M,3.2,2.1,2.7,94874,0,2023-02-22
532,a532,104,52,F,4.1,2.3,3.4,51586,1,2023-03-12
533,a533,104,34,F,1.4,4.3,1.8,74498,0,2023-12-28
534,a534,101,32,M,3.2,3.5,1.6,68853,0,2023-06-23
535,a535,101,44,F,5.2,2.3,4.0,63885,0,2023-09-17
536,a536,103,60,F,6.6,5.0,3.8,93795,0,2023-07-19
537,a537,101,41,M,1.5,1.8,3.8,67778,0,2023-08-21
538,a538,101,29,F,6.9,3.7,4.7,73607,0,2023-01-10
539,a539,104,39,F,5.6,3.8,4.6,81762,0,2023-03-07
540,a540,104,60,M,1.4,4.7,2.2,82108,1,2023-12-06
541,a541,101,47,F,4.2,2.2,5.0,82850,1,2023-01-21
542,a542,103,49,M,9.5,4.8,1.9,72399,1,2023-11-05
543,a543,101,49,M,4.8,3.3,2.7,70472,1,2023-08-18
544,a544,102,38,M,6.2,3.7,1.8,59051,1,2023-12-23
545,a545,102,52,M,6.9,3.3,1.6,54444,0,2023-03-11
546,a546,102,26,F,8.9,2.7,2.6,79032,1,2023-03-25
547,a547,102,31,M,2.7,4.0,3.4,67489,0,2023-10-08
548,a548,102,26,F,1.7,4.1,1.5,89630,1,2023-12-21
549,a549,103,36,F,5.4,1.6,1.8,52112,1,2023-01-09
550,a550,104,39,M,7.8,1.3,4.7,78788,1,2023-12-11
551,a551,104,40,F,4.6,1.2,3.9,74928,1,2023-07-20
552,a552,101,58,M,5.1,4.3,1.2,66103,1,2023-12-02
553,a553,104,58,M,2.7,2.8,4.5,68737,1,2023-03-14
554,a554,103,28,M,5.2,3.6,1.4,82811,0,2023-03-25
555,a555,102,50,F,3.9,1.1,2.8,96703,0,2023-08-03
556,a556,103,45,M,7.5,1.5,1.5,79451,1,2023-02-17
557,a557,104,57,M,4.4,2.5,4.1,71967,0,2023-03-28
558,a558,102,36,M,4.8,2.2,4.1,79245,1,2023-11-06
559,a559,101,33,M,1.0,4.1,1.0,82612,1,2023-09-26
560,a560,101,56,M,3.0,3.6,2.8,78958,0,2023-10-20
561,a561,101,40,F,6.6,3.2,4.3,53205,0,2023-03-02
562,a562,103,27,M,8.7,3.7,4.4,69558,1,2023-02-02
563,a563,101,51,M,2.5,2.1,3.6,95865,0,2023-08-24
564,a564,103,27,M,7.9,2.3,4.6,54434,1,2023-09-03
565,a565,103,55,M,2.1,4.4,2.3,77116,0,2023-12-07
566,a566,101,31,M,5.4,3.8,4.7,96321,1,2023-07-20
567,a567,103,41,F,9.3,3.5,3.0,97787,1,2023-08-26
568,a568,102,39,F,9.8,1.0,1.1,90990,0,2023-12-28
569,a569,102,51,F,1.4,2.4,4.2,63915,0,2023-11-07
570,a570,103,41,M,3.8,3.0,2.3,50401,0,2023-11-11
571,a571,103,50,M,8.5,1.8,4.3,94071,1,2023-08-26
572,a572,101,33,F,2.4,2.8,4.5,71961,1,2023-07-24
573,a573,101,58,F,6.1,3.7,3.2,51226,0,2023-10-22
574,a574,103,47,M,9.7,2.1,1.1,74591,0,2023-10-20
575,a575,104,36,M,8.8,4.0,3.8,70611,0,2023-05-14
576,a576,101,56,M,4.3,4.3,2.2,84412,1,2023-03-04
577,a577,103,27,M,9.2,2.8,1.1,81631,0,2023-04-11
578,a578,104,58,F,8.0,1.6,4.5,83826,0,2023-04-24
579,a579,101,54,F,7.4,3.1,1.0,52885,0,2023-06-15
580,a580,101,31,F,1.2,4.0,3.6,63752,1,2023-04-07
581,a581,103,42,F,8.0,3.7,2.1,60321,1,2023-02-01
582,a582,101,38,F,5.9,2.1,4.8,68564,0,2023-03-03
583,a583,103,46,F,1.5,1.1,4.6,53306,0,2023-07-02
584,a584,101,52,F,2.6,3.4,3.4,95228,1,2023-10-12
585,a585,103,46,M,7.4,3.7,3.1,99528,1,2023-10-05
586,a586,101,54,M,5.1,3.7,3.8,80500,1,2023-04-08
587,a587,102,41,F,4.5,3.8,3.7,71283,1,2023-08-01
588,a588,101,55,M,4.2,2.8,1.7,72846,0,2023-09-04
589,a589,104,31,F,6.0,1.3,2.2,80210,1,2023-10-14
590,a590,102,40,M,9.8,2.5,2.4,95485,1,2023-07-19
591,a591,103,59,M,2.6,3.7,4.0,96655,1,2023-02-19
592,a592,104,45,M,8.4,1.7,4.8,54561,0,2023-11-27
593,a593,104,45,F,6.8,1.2,1.9,59104,0,2023-03-22
594,a594,102,53,F,4.5,3.3,1.8,94663,1,2023-05-19
595,a595,103,52,F,9.9,3.3,3.4,83451,1,2023-03-28
596,a596,103,28,F,9.1,4.9,1.0,86702,1,2023-02-28
597,a597,103,26,M,4.9,3.4,3.5,96646,1,2023-07-13
598,a598,104,59,M,7.0,2.9,1.8,75204,1,2023-07-05
599,a599,103,33,M,1.1,3.6,1.6,81896,1,2023-03-03
600,a600,102,51,F,9.0,3.8,4.7,90845,0,2023-08-17
601,a601,104,60,F,4.5,1.9,2.7,50486,1,2023-12-08
602,a602,103,51,F,1.3,1.2,2.9,74155,0,2023-10-16
603,a603,101,34,F,5.2,1.3,4.6,55796,0,2023-08-21
604,a604,101,59,F,6.5,4.6,3.1,50706,1,2023-08-17
605,a605,104,46,F,4.2,4.9,2.2,60977,0,2023-12-20
606,a606,103,41,M,6.7,3.3,3.3,93012,1,2023-12-20
607,a607,101,43,F,1.7,3.0,4.4,68209,1,2023-03-20
608,a608,103,42,F,1.1,1.4,1.7,88782,0,2023-11-15
609,a609,103,36,F,8.0,1.9,1.7,84562,0,2023-06-03
610,a610,102,34,F,7.8,2.7,2.5,93297,1,2023-12-21
611,a611,102,38,F,1.5,2.1,4.3,53442,0,2023-08-13
612,a612,104,44,F,7.7,4.0,3.1,74890,1,2023-08-09
613,a613,102,58,F,1.1,4.7,2.8,94465,1,2023-09-22
614,a614,101,31,F,9.6,2.7,4.7,67864,1,2023-05-09
615,a615,101,41,F,5.1,3.7,2.0,94032,0,2023-09-11
616,a616,102,45,M,7.1,4.3,1.0,56402,0,2023-11-15
617,a617,103,39,F,3.3,1.1,3.5,53727,0,2023-10-21
618,a618,101,32,M,8.7,1.5,3.6,92461,0,2023-02-23
619,a619,102,41,F,5.2,4.7,3.6,68113,1,2023-12-22
620,a620,103,41,M,8.0,2.1,1.2,75466,1,2023-01-09
621,a621,103,36,F,1.6,4.9,1.8,75731,0,2023-11-16
622,a622,101,34,F,3.0,3.6,4.7,96884,1,2023-02-02
623,a623,101,29,F,8.0,1.1,3.0,92786,0,2023-01-22
624,a624,104,42,M,7.3,4.6,3.3,83776,1,2023-08-14
625,a625,104,29,M,1.0,4.8,4.3,81592,0,2023-10-18
626,a626,103,46,F,4.6,3.5,4.8,55941,1,2023-09-28
627,a627,103,30,F,7.8,2.2,1.8,86338,0,2023-07-22
628,a628,102,44,F,9.1,3.5,2.4,55561,1,2023-12-07
629,a629,102,27,M,1.2,5.0,2.0,75478,0,2023-09-21
630,a630,103,56,F,9.7,1.1,2.4,72132,0,2023-07-04
631,a631,102,58,F,9.5,4.5,3.1,98565,0,2023-02-02
632,a632,102,56,M,5.2,4.7,1.2,95960,0,2023-01-06
633,a633,101,44,M,5.1,1.7,3.4,56968,0,2023-08-20
634,a634,102,29,M,4.8,4.2,4.9,94459,1,2023-06-04
635,a635,102,45,M,7.9,3.4,2.3,57913,1,2023-03-25
636,a636,104,35,F,6.0,2.8,4.7,52667,0,2023-02-26
637,a637,104,35,M,8.9,1.3,1.0,55841,1,2023-07-23
638,a638,104,33,M,2.3,2.1,2.8,65679,0,2023-10-23
639,a639,101,36,F,6.5,1.4,4.3,69739,1,2023-07-01
640,a640,102,37,M,9.9,4.9,3.5,99881,0,2023-08-25
641,a641,102,42,M,2.7,4.2,3.7,81091,1,2023-03-06
642,a642,101,28,F,3.6,2.7,2.3,99703,1,2023-01-04
643,a643,101,59,M,2.4,1.1,3.1,54643,0,2023-12-15
644,a644,103,51,M,7.7,4.6,1.9,57217,1,2023-04-04
645,a645,102,51,M,4.4,1.9,2.9,81746,0,2023-07-05
646,a646,102,54,M,4.5,1.5,3.9,91420,1,2023-05-07
647,a647,103,33,M,7.2,1.2,1.5,80509,1,2023-07-06
648,a648,103,39,F,6.4,4.2,3.6,90077,0,2023-10-18
649,a649,102,30,F,8.7,3.0,5.0,88769,1,2023-08-09
650,a650,101,52,M,3.2,2.7,1.9,88782,0,2023-10-01
651,a651,104,27,M,9.9,3.9,3.0,77898,1,2023-08-26
652,a652,101,53,F,3.2,3.2,1.0,97958,1,2023-04-05
653,a653,103,43,M,6.8,1.4,2.9,69977,0,2023-12-15
654,a654,101,54,F,7.9,4.5,2.6,74275,1,2023-12-21
655,a655,101,29,F,9.0,2.3,1.1,77911,1,2023-12-20
656,a656,102,30,F,7.6,1.2,4.8,94214,1,2023-01-04
657,a657,104,48,F,6.6,2.5,1.7,86620,0,2023-09-23
658,a658,102,33,F,3.1,1.5,2.9,99301,0,2023-12-25
659,a659,102,45,F,9.1,3.0,2.7,53569,0,2023-06-12
660,a660,104,56,M,5.2,3.1,4.3,69153,1,2023-10-12
661,a661,101,37,F,1.8,2.6,1.7,55042,0,2023-03-09
662,a662,101,34,F,2.4,1.8,4.8,51487,1,2023-07-22
663,a663,102,55,F,4.8,4.0,1.1,62390,0,2023-01-28
664,a664,102,58,F,4.7,2.4,3.6,71384,1,2023-10-22
665,a665,104,54,F,6.1,4.6,2.2,67039,0,2023-08-12
666,a666,103,28,M,4.2,2.8,1.7,60537,1,2023-03-06
667,a667,102,35,M,2.1,5.0,3.3,78894,1,2023-06-06
668,a668,102,60,M,7.0,4.9,1.6,79388,0,2023-09-10
669,a669,101,26,F,9.4,4.1,4.8,70985,0,2023-01-24
670,a670,103,43,F,9.1,4.9,4.0,87599,0,2023-10-24
671,a671,104,46,M,7.6,4.6,1.6,86107,0,2023-05-01
672,a672,104,39,F,4.2,2.3,3.4,62789,0,2023-05-07
673,a673,101,30,F,7.1,4.8,4.9,75848,0,2023-08-11
674,a674,101,48,F,2.3,4.4,2.5,74433,0,2023-05-12
675,a675,103,44,F,8.9,1.4,3.9,79112,1,2023-08-10
676,a676,102,52,F,2.3,3.3,1.3,63617,1,2023-08-28
677,a677,103,29,F,1.8,2.6,4.7,77165,0,2023-09-15
678,a678,102,37,M,8.5,2.2,3.0,69791,1,2023-08-18
679,a679,104,39,M,8.1,1.6,2.2,91979,1,2023-02-21
680,a680,103,51,M,5.4,3.8,2.0,57822,1,2023-08-03
681,a681,103,55,F,8.8,3.5,2.9,95498,0,2023-06-17
682,a682,101,41,M,6.2,1.6,2.8,95434,0,2023-06-06
683,a683,101,42,F,4.8,4.6,2.4,68996,1,2023-09-21
684,a684,101,57,M,7.9,1.7,1.4,99324,0,2023-09-11
685,a685,103,44,F,7.2,3.8,1.4,88013,1,2023-03-01
686,a686,102,58,F,4.4,2.9,2.4,60684,0,2023-04-05
687,a687,102,37,M,4.8,4.7,1.5,58600,0,2023-08-12
688,a688,103,48,M,8.4,4.6,3.4,72416,0,2023-12-10
689,a689,101,32,M,2.2,3.8,3.8,70147,0,2023-04-05
690,a690,101,52,M,1.7,4.1,4.0,52786,0,2023-02-02
691,a691,101,55,M,9.2,1.2,2.2,50673,0,2023-02-20
692,a692,102,37,M,7.0,1.1,1.6,98902,1,2023-10-12
693,a693,103,35,M,5.5,1.3,4.3,50916,0,2023-12-07
694,a694,103,35,M,9.8,1.4,1.9,83042,1,2023-06-23
695,a695,102,53,M,2.6,2.4,2.5,64042,0,2023-07-04
696,a696,103,32,F,2.0,1.5,4.0,96185,1,2023-09-24
697,a697,101,30,F,5.4,2.5,2.8,98245,1,2023-11-27
698,a698,104,39,F,3.6,4.4,1.8,54561,1,2023-11-12
699,a699,102,25,F,7.0,2.6,3.1,94336,0,2023-02-05
700,a700,104,50,M,7.7,4.6,1.7,73836,0,2023-06-07
701,a701,104,32,M,8.5,3.9,2.1,96759,1,2023-11-13
702,a702,103,55,F,9.9,3.0,1.6,79794,0,2023-02-09
703,a703,104,56,M,6.7,1.5,1.4,53463,0,2023-08-22
704,a704,101,36,F,6.4,2.3,2.2,90844,0,2023-02-22
705,a705,104,54,M,3.6,3.0,3.0,85549,1,2023-09-18
706,a706,101,27,F,8.9,1.5,2.8,74663,1,2023-08-02
707,a707,101,36,F,9.0,1.7,2.7,70477,1,2023-08-25
708,a708,101,56,F,5.3,4.4,3.0,75649,1,2023-08-19
709,a709,104,47,F,3.9,1.1,1.2,74013,1,2023-12-19
710,a710,101,46,F,1.9,2.4,2.4,73020,0,2023-11-08
711,a711,102,40,F,6.3,4.6,1.3,69982,0,2023-06-06
712,a712,101,59,F,1.3,3.6,2.7,83735,1,2023-05-01
713,a713,104,26,F,4.4,2.6,3.3,82005,0,2023-12-22
714,a714,102,46,F,5.5,4.1,2.4,90293,1,2023-06-14
715,a715,102,56,M,8.6,3.1,2.1,53115,1,2023-10-13
716,a716,102,30,M,6.3,2.1,3.3,84803,1,2023-07-07
717,a717,103,29,F,5.5,2.2,3.7,70535,0,2023-07-13
718,a718,103,57,F,7.0,3.2,4.5,91146,0,2023-10-16
719,a719,102,54,F,9.4,3.1,3.5,78424,0,2023-09-07
720,a720,103,54,M,3.2,4.0,4.1,78533,1,2023-06-28
721,a721,101,38,F,3.4,2.1,1.6,95013,0,2023-07-08
722,a722,101,34,M,1.2,4.2,2.2,81810,1,2023-07-21
723,a723,101,37,M,3.5,1.1,4.2,68204,0,2023-11-28
724,a724,101,56,M,1.5,4.6,2.3,69528,0,2023-07-12
725,a725,101,50,M,3.1,3.3,3.0,57906,1,2023-08-03
726,a726,102,32,F,4.0,3.3,2.6,99045,0,2023-07-07
727,a727,102,31,M,2.9,2.1,2.6,88632,0,2023-08-18
728,a728,103,32,F,5.9,2.9,2.0,68201,0,2023-06-16
729,a729,103,44,M,6.8,4.6,1.1,98460,0,2023-12-26
730,a730,102,41,F,3.8,4.8,2.5,94908,0,2023-09-28
731,a731,102,53,F,1.1,4.8,4.7,66746,1,2023-02-27
732,a732,102,44,M,8.7,1.6,2.8,70786,1,2023-01-09
733,a733,101,56,F,7.6,4.7,2.3,77680,0,2023-03-23
734,a734,103,57,M,4.2,3.4,4.3,98351,1,2023-08-23
735,a735,101,28,M,6.7,4.2,1.5,76257,0,2023-11-10
736,a736,103,30,M,2.4,3.1,4.9,92544,0,2023-10-22
737,a737,104,45,F,5.3,3.9,2.0,95053,1,2023-05-07
738,a738,101,51,F,2.6,4.5,4.8,87381,0,2023-01-01
739,a739,102,30,F,2.8,3.8,1.7,76282,1,2023-10-09
740,a740,102,30,F,2.5,3.3,1.1,84461,1,2023-08-27
741,a741,104,32,M,7.4,1.8,4.4,67445,1,2023-12-16
742,a742,104,33,F,8.7,3.4,5.0,68544,0,2023-07-06
743,a743,104,34,M,3.6,2.0,3.5,66273,1,2023-10-22
744,a744,104,30,M,5.2,4.5,4.9,76054,0,2023-12-13
745,a745,104,41,M,1.9,1.2,2.3,65390,1,2023-06-20
746,a746,101,25,F,5.5,2.5,4.9,93991,1,2023-03-18
747,a747,101,36,F,2.5,3.0,2.4,80676,0,2023-02-11
748,a748,104,34,F,2.1,1.2,1.5,68415,1,2023-07-10
749,a749,103,41,F,4.9,1.7,3.9,82196,0,2023-09-28
750,a750,104,28,M,2.3,1.9,1.1,67054,0,2023-12-15
751,a751,104,32,F,1.4,2.4,3.8,81798,1,2023-08-04
752,a752,102,32,F,1.8,4.5,1.7,61029,1,2023-10-22
753,a753,102,25,M,4.7,1.3,4.1,94361,0,2023-06-01
754,a754,103,32,F,4.4,4.7,1.4,71203,0,2023-01-03
755,a755,104,55,F,6.7,2.1,3.6,71589,0,2023-11-20
756,a756,104,45,M,2.9,1.2,3.6,71179,0,2023-12-03
757,a757,104,30,F,3.3,2.0,4.1,76143,0,2023-01-28
758,a758,102,35,F,8.0,2.1,4.0,92864,0,2023-02-10
759,a759,104,52,F,9.1,3.4,2.4,56298,1,2023-09-07
760,a760,104,53,F,5.3,3.3,2.7,99577,1,2023-06-20
761,a761,102,52,F,1.8,3.1,4.9,94331,0,2023-11-22
762,a762,102,56,M,3.6,2.7,4.6,81300,1,2023-03-05
763,a763,103,40,F,3.7,1.2,1.3,52955,0,2023-09-14
764,a764,104,31,F,6.9,3.3,2.0,66702,0,2023-09-01
765,a765,101,54,M,8.1,4.4,1.2,77279,1,2023-06-19
766,a766,104,53,F,4.1,4.7,4.2,63832,0,2023-02-24
767,a767,103,31,F,5.8,1.0,1.5,61254,1,2023-08-23
768,a768,104,56,F,6.6,4.9,2.4,94158,1,2023-05-03
769,a769,102,33,M,2.7,4.3,3.8,62335,0,2023-04-16
770,a770,102,40,F,8.6,4.4,3.2,55642,1,2023-08-05
771,a771,104,52,M,2.0,4.6,4.0,79180,1,2023-08-01
772,a772,104,40,M,3.7,4.3,2.6,71879,0,2023-02-21
773,a773,104,51,F,7.6,3.4,3.2,69056,0,2023-08-13
774,a774,104,57,F,3.1,1.2,1.1,87775,1,2023-09-03
775,a775,103,51,F,2.1,3.5,3.6,79381,1,2023-01-06
776,a776,103,37,F,4.1,1.9,1.9,94890,1,2023-10-28
777,a777,104,33,F,7.5,2.6,2.7,94112,1,2023-08-26
778,a778,102,38,F,7.2,1.3,2.9,61356,0,2023-03-20
779,a779,104,31,F,9.5,3.0,1.9,86492,0,2023-01-12
780,a780,103,47,M,2.6,4.4,3.0,54172,1,2023-07-04
781,a781,102,32,M,5.4,5.0,4.1,53058,1,2023-03-28
782,a782,101,28,F,8.2,4.9,4.0,56939,0,2023-09-02
783,a783,101,35,M,8.8,4.6,1.6,69144,1,2023-09-16
784,a784,101,34,F,4.0,1.6,4.4,78777,1,2023-01-08
785,a785,104,46,F,5.5,1.3,2.5,99469,1,2023-06-21
786,a786,102,34,F,8.1,1.6,2.7,76824,1,2023-09-26
787,a787,103,26,F,2.3,1.0,4.2,54560,0,2023-06-11
788,a788,104,35,F,1.6,4.0,3.6,92039,0,2023-10-02
789,a789,103,51,F,9.0,3.8,4.5,97287,1,2023-06-01
790,a790,103,58,M,7.3,2.8,1.8,85679,1,2023-12-12
791,a791,104,37,F,1.8,3.1,2.6,97112,0,2023-09-18
792,a792,103,38,M,5.6,2.2,2.4,91660,0,2023-01-01
793,a793,103,40,F,7.5,4.9,1.4,53928,1,2023-05-21
794,a794,103,32,M,7.8,4.8,2.8,87515,0,2023-08-11
795,a795,102,59,M,4.2,2.1,4.1,96848,0,2023-12-13
796,a796,102,31,F,5.6,1.8,4.1,79773,0,2023-03-23
797,a797,104,51,M,1.8,2.7,1.5,64076,1,2023-02-12
798,a798,104,60,F,8.8,3.3,3.5,78841,1,2023-12-14
799,a799,102,34,M,5.4,2.8,4.9,83632,0,2023-12-07
800,a800,104,55,M,7.7,4.8,2.5,57783,1,2023-02-04
801,a801,103,43,M,5.7,1.5,2.2,74540,1,2023-05-16
802,a802,101,34,M,8.1,2.7,4.7,69999,1,2023-04-06
803,a803,104,25,M,5.9,1.3,1.2,81534,1,2023-10-15
804,a804,103,49,F,8.5,4.3,1.5,59078,1,2023-08-22
805,a805,104,34,F,1.8,3.5,3.5,75377,0,2023-07-11
806,a806,101,53,F,6.8,4.5,3.8,87486,1,2023-09-21
807,a807,101,60,M,2.7,3.5,3.3,53465,0,2023-08-17
808,a808,101,32,M,9.7,2.1,1.8,96243,1,2023-02-26
809,a809,103,50,M,5.4,4.7,2.4,61829,1,2023-01-28
810,a810,103,49,F,1.8,4.9,3.2,68700,0,2023-03-09
811,a811,101,34,F,9.6,3.7,1.2,71318,0,2023-01-23
812,a812,101,44,F,1.9,1.6,4.6,66903,1,2023-02-02
813,a813,102,40,M,5.4,4.0,2.5,57541,1,2023-01-11
814,a814,104,60,F,1.6,1.1,3.5,51220,1,2023-09-19
815,a815,101,40,M,3.7,2.6,1.3,91667,0,2023-03-12
816,a816,102,40,F,9.7,3.2,1.2,80451,1,2023-11-06
817,a817,101,28,F,3.5,2.0,3.7,73030,0,2023-10-27
818,a818,103,27,M,7.7,3.3,2.2,75906,0,2023-03-24
819,a819,103,52,M,6.5,4.8,2.3,94702,1,2023-11-09
820,a820,104,42,M,7.0,2.3,1.8,89289,1,2023-01-23
821,a821,102,25,F,1.0,1.0,1.7,86424,1,2023-07-18
822,a822,101,29,M,9.0,4.3,2.8,58088,1,2023-07-27
823,a823,103,49,M,8.6,4.2,4.9,58176,1,2023-06-07
824,a824,104,25,M,7.7,4.0,3.7,96477,1,2023-04-03
825,a825,103,39,M,9.8,4.9,1.1,82298,0,2023-01-07
826,a826,104,32,F,6.1,3.0,3.2,93243,0,2023-02-19
827,a827,102,29,M,3.3,3.3,1.9,84280,1,2023-04-28
828,a828,101,59,F,7.1,4.5,1.0,77991,0,2023-06-14
829,a829,104,42,M,7.1,2.9,2.4,99743,0,2023-12-08
830,a830,101,42,F,5.8,2.3,2.6,71935,0,2023-10-26
831,a831,101,39,F,9.6,4.7,1.8,71576,1,2023-02-21
832,a832,101,26,F,4.9,1.1,4.2,71908,1,2023-04-04
833,a833,104,40,F,8.5,4.3,3.1,65515,0,2023-10-20
834,a834,104,31,F,6.2,1.3,1.2,52185,1,2023-06-28
835,a835,101,33,M,9.3,2.8,2.2,91037,1,2023-02-04
836,a836,101,60,M,3.7,2.5,1.4,99280,1,2023-04-28
837,a837,101,54,F,5.2,2.7,3.5,56637,1,2023-11-22
838,a838,101,54,F,6.3,1.4,1.0,96746,0,2023-10-26
839,a839,102,33,F,4.2,2.9,3.5,62184,0,2023-03-26
840,a840,101,28,M,3.8,2.7,4.8,99438,1,2023-05-19
841,a841,102,34,F,3.8,2.4,2.5,50529,0,2023-01-08
842,a842,101,52,F,2.8,1.8,4.6,54482,1,2023-04-22
843,a843,104,54,F,8.7,3.3,2.3,69636,1,2023-06-06
844,a844,101,54,M,5.5,4.7,3.6,95430,0,2023-08-20
845,a845,102,40,F,7.6,4.8,2.3,98501,1,2023-04-13
846,a846,102,25,F,1.1,2.4,3.2,59332,1,2023-08-07
847,a847,103,27,M,2.8,2.1,1.9,67170,0,2023-06-28
848,a848,102,36,M,1.2,4.4,4.6,51375,0,2023-07-21
849,a849,101,46,M,3.7,2.0,4.2,93313,0,2023-09-26
850,a850,104,29,M,2.3,4.7,4.2,62562,1,2023-12-12
851,a851,103,52,M,9.3,4.1,3.3,85092,1,2023-03-11
852,a852,102,28,F,8.9,4.4,4.9,82046,0,2023-12-03
853,a853,104,29,M,5.6,4.0,3.6,83368,1,2023-08-17
854,a854,104,36,F,7.4,3.1,2.9,82426,1,2023-05-19
855,a855,104,27,M,3.0,1.8,4.5,75945,0,2023-05-14
856,a856,104,35,F,3.3,1.3,4.0,69336,1,2023-09-12
857,a857,102,27,F,5.6,2.3,2.8,78344,1,2023-06-26
858,a858,104,45,F,4.4,1.7,1.9,92293,0,2023-06-03
859,a859,103,57,M,8.1,4.7,1.4,54675,1,2023-01-18
860,a860,102,46,M,7.1,2.0,4.0,94796,1,2023-04-23
861,a861,102,59,F,1.1,2.2,4.3,76464,1,2023-10-25
862,a862,101,55,M,8.8,1.9,3.9,63754,1,2023-04-17
863,a863,104,54,F,8.1,2.3,1.8,95740,1,2023-04-15
864,a864,104,60,M,4.4,3.3,1.5,98352,0,2023-08-26
865,a865,103,46,M,4.8,3.7,2.6,95253,1,2023-06-19
866,a866,101,27,M,2.4,4.8,2.3,91277,1,2023-07-07
867,a867,104,29,F,2.7,1.4,3.3,79591,1,2023-02-06
868,a868,101,60,M,1.3,3.8,3.0,62235,0,2023-02-13
869,a869,103,38,M,3.6,3.1,2.8,74159,0,2023-03-11
870,a870,104,50,M,9.9,1.5,2.7,98702,0,2023-07-28
871,a871,102,33,M,3.8,4.3,3.7,60405,1,2023-10-07
872,a872,104,42,M,1.1,1.6,1.3,76164,0,2023-09-11
873,a873,104,54,F,6.2,3.9,2.2,79904,1,2023-12-27
874,a874,103,50,M,4.7,1.7,3.5,78316,1,2023-07-22
875,a875,102,31,F,7.3,1.2,4.5,60350,1,2023-11-18
876,a876,103,29,M,9.2,2.6,4.0,57944,1,2023-02-25
877,a877,101,57,F,4.7,1.7,1.8,52925,1,2023-01-03
878,a878,104,49,F,7.7,4.4,2.6,50703,1,2023-02-23
879,a879,102,45,F,5.4,1.3,3.2,65878,1,2023-03-16
880,a880,103,35,M,8.5,3.4,1.7,58136,1,2023-03-03
881,a881,101,42,M,5.0,1.7,3.9,94239,0,2023-08-23
882,a882,101,58,M,4.5,2.2,1.2,50305,0,2023-07-25
883,a883,102,40,F,9.2,1.8,1.1,51831,0,2023-06-27
884,a884,102,29,M,9.6,1.4,4.3,93523,0,2023-12-06
885,a885,101,51,M,8.3,2.3,3.5,90938,0,2023-09-13
886,a886,104,32,M,2.9,2.4,1.7,76354,1,2023-01-13
887,a887,102,54,M,1.6,4.3,3.6,74181,0,2023-02-07
888,a888,104,44,F,9.8,1.4,3.1,87303,0,2023-05-04
889,a889,103,49,M,4.0,3.5,4.5,70838,1,2023-02-11
890,a890,101,53,F,5.6,4.0,3.0,96178,0,2023-04-01
891,a891,101,44,M,7.6,4.0,3.5,53927,0,2023-06-16
892,a892,103,37,M,4.4,3.6,2.0,97533,1,2023-12-11
893,a893,102,42,F,6.8,4.0,3.1,77190,1,2023-01-08
894,a894,103,46,M,2.9,1.2,4.7,66275,0,2023-10-28
895,a895,104,58,F,2.7,3.5,1.3,82220,0,2023-04-02
896,a896,102,38,M,1.8,3.4,4.3,63393,0,2023-09-03
897,a897,104,54,F,2.5,1.8,2.7,89705,0,2023-05-10
898,a898,104,37,F,8.8,2.9,4.8,73565,1,2023-07-06
899,a899,104,53,F,5.5,3.9,4.0,81588,0,2023-07-14
900,a900,101,44,M,6.0,1.7,2.5,70044,1,2023-05-13
901,a901,104,29,F,2.2,2.9,1.6,62427,0,2023-01-28
902,a902,103,56,F,9.3,4.8,4.9,74454,1,2023-08-10
903,a903,101,51,M,9.9,1.5,4.7,60640,0,2023-07-09
904,a904,103,57,F,6.7,2.5,1.2,75253,1,2023-12-08
905,a905,102,55,M,9.3,2.4,3.8,51851,0,2023-05-20
906,a906,104,34,F,3.2,3.3,3.7,60579,0,2023-02-25
907,a907,101,49,F,7.4,4.9,1.3,62374,1,2023-03-27
908,a908,104,41,F,5.5,3.1,4.5,88409,1,2023-12-14
909,a909,101,31,F,8.3,2.1,1.8,99039,1,2023-12-10
910,a910,101,35,F,1.0,1.3,3.8,84403,1,2023-11-10
911,a911,104,35,M,4.4,3.8,1.8,61926,0,2023-08-19
912,a912,102,36,M,1.5,1.7,4.0,66996,1,2023-08-21
913,a913,101,35,M,3.6,2.5,2.1,72423,0,2023-10-08
914,a914,104,56,M,1.1,2.1,4.8,93602,0,2023-02-07
915,a915,101,49,F,9.4,2.9,2.3,78144,1,2023-06-22
916,a916,103,45,M,9.5,3.7,2.5,53751,1,2023-06-26
917,a917,101,25,F,8.8,2.6,4.3,59100,0,2023-10-04
918,a918,103,40,F,5.1,3.7,4.5,83745,1,2023-11-07
919,a919,101,45,M,6.7,4.5,4.9,98222,1,2023-11-15
920,a920,102,56,F,7.7,4.2,2.4,81203,0,2023-12-13
921,a921,103,37,M,8.8,4.5,4.1,96967,0,2023-03-16
922,a922,101,44,F,2.5,2.8,1.5,93426,0,2023-04-07
923,a923,102,30,M,4.9,3.9,1.6,71397,1,2023-05-08
924,a924,103,55,M,7.0,4.7,3.5,82241,0,2023-12-11
925,a925,102,29,F,4.4,3.9,3.9,75011,1,2023-04-08
926,a926,103,32,F,1.8,1.4,4.0,62331,0,2023-10-12
927,a927,102,45,F,6.2,1.0,1.2,85101,0,2023-07-14
928,a928,103,48,M,5.7,3.4,1.9,75907,0,2023-09-28
929,a929,104,45,M,8.3,2.2,1.9,94563,1,2023-03-20
930,a930,103,34,M,6.4,2.2,5.0,58091,1,2023-12-19
931,a931,104,38,F,3.6,4.9,1.2,71832,0,2023-12-07
932,a932,102,28,M,8.7,3.9,2.2,93204,0,2023-01-18
933,a933,104,46,F,7.1,5.0,4.0,75628,0,2023-09-24
934,a934,103,43,M,7.3,3.2,1.4,71195,0,2023-12-10
935,a935,104,35,M,5.0,2.9,4.6,63747,0,2023-12-07
936,a936,101,48,M,7.1,5.0,1.6,77991,0,2023-01-04
937,a937,103,55,M,9.5,1.5,3.1,72183,1,2023-03-21
938,a938,104,40,M,2.1,2.6,2.2,89069,0,2023-11-24
939,a939,104,30,F,8.8,3.6,2.1,92807,1,2023-06-01
940,a940,101,32,M,2.1,3.6,4.6,64741,0,2023-10-19
941,a941,104,42,M,8.1,1.7,2.9,92244,1,2023-05-19
942,a942,102,31,F,1.6,4.6,4.2,62116,1,2023-12-01
943,a943,104,60,F,1.6,4.3,3.2,92709,0,2023-04-22
944,a944,101,36,M,1.0,2.8,2.3,52565,0,2023-10-07
945,a945,102,30,F,8.7,1.1,4.9,83170,1,2023-06-18
946,a946,102,52,M,3.2,1.2,4.8,69228,1,2023-03-19
947,a947,104,45,F,6.5,3.0,3.8,93425,0,2023-04-02
948,a948,102,34,F,8.7,1.9,1.5,86180,0,2023-10-12
949,a949,103,33,F,1.7,2.0,2.5,60703,1,2023-08-03
950,a950,103,52,M,5.8,1.3,3.9,91492,0,2023-12-12
951,a951,102,51,M,3.8,4.2,2.5,89558,0,2023-02-09
952,a952,101,59,M,7.2,2.6,2.3,55831,1,2023-06-25
953,a953,103,34,M,3.5,1.4,4.9,64563,1,2023-02-26
954,a954,101,36,F,6.3,4.2,1.4,72865,1,2023-09-09
955,a955,101,28,M,3.9,4.0,1.7,98581,1,2023-08-19
956,a956,102,41,M,7.2,3.9,3.6,59350,1,2023-10-24
957,a957,103,28,F,7.4,2.0,3.4,96319,1,2023-03-15
958,a958,103,54,F,3.5,2.7,4.8,64992,1,2023-11-28
959,a959,101,44,F,7.9,4.4,3.5,55026,0,2023-02-06
960,a960,101,30,F,6.0,3.0,4.5,77786,0,2023-08-16
961,a961,101,50,M,6.5,4.6,4.0,96803,1,2023-12-18
962,a962,103,40,M,6.5,4.9,3.7,84309,0,2023-03-03
963,a963,103,33,F,9.6,2.7,2.5,74463,0,2023-06-22
964,a964,102,59,M,3.6,2.9,2.1,50146,1,2023-04-10
965,a965,101,54,F,1.5,1.0,2.8,69552,1,2023-02-01
966,a966,103,36,F,4.2,1.4,3.0,55553,0,2023-07-04
967,a967,104,25,M,7.9,2.0,2.9,74530,1,2023-06-14
968,a968,102,59,F,2.0,2.8,4.4,60605,0,2023-06-24
969,a969,104,25,F,9.0,3.8,1.4,68671,0,2023-03-13
970,a970,104,46,M,2.4,1.8,2.9,93597,1,2023-02-14
971,a971,104,60,F,8.2,3.9,2.3,76206,1,2023-03-04
972,a972,101,26,M,2.4,3.0,4.1,65499,0,2023-11-27
973,a973,103,52,M,4.9,2.2,2.9,99866,1,2023-04-20
974,a974,102,57,M,3.2,4.1,4.5,95937,0,2023-11-27
975,a975,104,37,F,7.4,4.2,3.8,82920,0,2023-04-28
976,a976,102,39,M,2.2,1.2,5.0,59581,1,2023-01-20
977,a977,102,30,M,4.4,3.1,3.8,65166,0,2023-06-14
978,a978,104,28,F,6.8,2.2,2.1,68386,1,2023-12-14
979,a979,102,45,M,2.6,1.0,3.6,71078,0,2023-05-16
980,a980,103,31,F,2.7,4.8,2.5,69946,0,2023-02-22
981,a981,101,60,M,4.0,4.0,2.4,88594,1,2023-04-21
982,a982,103,38,F,1.8,1.4,3.5,89441,0,2023-01-19
983,a983,102,37,F,9.3,1.3,3.2,72472,1,2023-12-16
984,a984,102,59,M,1.4,1.8,3.2,66549,1,2023-06-15
985,a985,101,52,M,5.3,3.1,4.8,51433,0,2023-10-09
986,a986,102,43,M,9.6,1.2,4.9,62464,1,2023-08-22
987,a987,101,35,F,7.8,2.5,4.1,76270,1,2023-04-06
988,a988,101,35,M,6.3,1.0,4.7,83606,1,2023-09-23
989,a989,103,44,M,3.7,2.1,1.5,64675,0,2023-09-08
990,a990,103,27,M,9.5,2.1,1.5,53376,0,2023-04-18
991,a991,101,25,F,6.7,4.9,2.3,96233,1,2023-12-05
992,a992,104,43,F,9.9,3.5,1.0,73296,0,2023-12-09
993,a993,102,41,M,5.8,4.9,4.1,88224,0,2023-12-24
994,a994,104,41,M,8.4,1.9,2.1,88119,1,2023-03-15
995,a995,102,52,F,2.3,2.9,3.0,80106,0,2023-03-07
996,a996,104,36,F,1.2,1.7,1.7,75834,0,2023-02-05
997,a997,101,52,M,5.1,3.6,2.6,97468,0,2023-12-25
998,a998,101,31,F,4.5,1.4,1.1,92236,0,2023-03-08
999,a999,101,42,M,9.4,3.4,4.2,50615,0,2023-09-24
1000,a1000,103,30,M,2.3,4.0,4.6,60691,1,2023-06-16
